customerId,forename,surname
IND0001,Christopher,Black
IND0002,Madeleine,Kerr
IND0003,Sarah,Skinner
IND0004,Rachel,Parsons
IND0005,Oliver,Johnston
IND0006,Carl,Metcalfe
IND0007,Amelia,Walker
IND0008,Boris,Graham
IND0009,Adrian,Metcalfe
IND0010,Diana,Hill
IND0011,Jake,Watson
IND0012,Abigail,Berry
IND0013,Zoe,Lee
IND0014,Gabrielle,Ince
IND0015,Lauren,Reid
IND0016,Stephen,Lyman
IND0017,Oliver,Hamilton
IND0018,Dominic,Morgan
IND0019,Christopher,Skinner
IND0020,Anna,Bond
IND0021,Boris,Arnold
IND0022,Andrew,Reid
IND0023,Rose,Reid
IND0024,Bernadette,Payne
IND0025,Warren,Thomson
IND0026,Keith,Ince
IND0027,Sarah,Bond
IND0028,Colin,Stewart
IND0029,Colin,Manning
IND0030,Anna,Thomson
IND0031,Alexandra,Hardacre
IND0032,Abigail,Peake
IND0033,Elizabeth,Wright
IND0034,Ella,Skinner
IND0035,Anne,Gibson
IND0036,Oliver,Reid
IND0037,Trevor,Fisher
IND0038,Harry,Oliver
IND0039,Jessica,Mathis
IND0040,James,Henderson
IND0041,Emma,Smith
IND0042,Jason,Kerr
IND0043,Joseph,Hunter
IND0044,Michael,Wallace
IND0045,Zoe,Sharp
IND0046,Gordon,Berry
IND0047,Penelope,Powell
IND0048,Alexandra,Wilkins
IND0049,Liam,Skinner
IND0050,Ian,Metcalfe
IND0051,Megan,Jones
IND0052,Fiona,Russell
IND0053,Joshua,Parr
IND0054,Lucas,Reid
IND0055,Ella,Taylor
IND0056,Benjamin,Vance
IND0057,Sue,Slater
IND0058,Connor,Bailey
IND0059,Paul,Ross
IND0060,Oliver,Mackay
IND0061,Owen,McGrath
IND0062,Dylan,Martin
IND0063,Alan,Dowd
IND0064,Lillian,Black
IND0065,Megan,Taylor
IND0066,Julia,Lyman
IND0067,Carolyn,Smith
IND0068,Wanda,MacLeod
IND0069,Gavin,Buckland
IND0070,Keith,Sharp
IND0071,Neil,Newman
IND0072,Frank,Greene
IND0073,Penelope,Mackenzie
IND0074,Joe,Allan
IND0075,Alexandra,King
IND0076,Wanda,Arnold
IND0077,Blake,Duncan
IND0078,Dan,Cornish
IND0079,Jason,Fisher
IND0080,Mary,Avery
IND0081,Megan,Hughes
IND0082,Ryan,Manning
IND0083,Gabrielle,Hemmings
IND0084,Richard,MacLeod
IND0085,Colin,Nolan
IND0086,Colin,Simpson
IND0087,Gordon,Thomson
IND0088,Pippa,Paige
IND0089,Diana,Pullman
IND0090,Adam,Ince
IND0091,Anthony,Roberts
IND0092,Donna,Duncan
IND0093,Yvonne,Lambert
IND0094,Una,Butler
IND0095,Sean,Metcalfe
IND0096,Gavin,Campbell
IND0097,Amy,Smith
IND0098,Robert,Springer
IND0099,Amanda,Walker
IND0100,Faith,Nolan
IND0101,Cameron,Miller
IND0102,Sean,Bailey
IND0103,Diana,Avery
IND0104,Blake,Ince
IND0105,Warren,Nolan
IND0106,Simon,Manning
IND0107,Theresa,Knox
IND0108,Nicola,Bailey
IND0109,Katherine,Fisher
IND0110,Brandon,Poole
IND0111,Connor,Cornish
IND0112,Audrey,Tucker
IND0113,Leonard,Ball
IND0114,Cameron,Vance
IND0115,Frank,Vance
IND0116,Dylan,White
IND0117,Jacob,Manning
IND0118,Victor,Wallace
IND0119,Jessica,Ogden
IND0120,James,Carr
IND0121,Piers,Newman
IND0122,Jasmine,Walsh
IND0123,Penelope,Hunter
IND0124,Michelle,Poole
IND0125,Bernadette,Ross
IND0126,Andrea,Morgan
IND0127,Victoria,Gill
IND0128,Maria,Buckland
IND0129,Christopher,Young
IND0130,Ryan,Jackson
IND0131,Madeleine,Smith
IND0132,Max,Smith
IND0133,Keith,Gill
IND0134,Evan,Gill
IND0135,Karen,Mitchell
IND0136,Anna,Sharp
IND0137,Rachel,Hart
IND0138,David,Lawrence
IND0139,Boris,Rees
IND0140,Peter,Peters
IND0141,Jonathan,Manning
IND0142,Blake,North
IND0143,Jonathan,Hill
IND0144,Piers,Ross
IND0145,Brandon,Wallace
IND0146,Adam,Ellison
IND0147,Joseph,Mackenzie
IND0148,Michelle,Taylor
IND0149,Fiona,Underwood
IND0150,Victoria,Ball
IND0151,Anthony,Wright
IND0152,Leah,McGrath
IND0153,Diane,Ogden
IND0154,Bernadette,Churchill
IND0155,Peter,Wilkins
IND0156,Samantha,Powell
IND0157,Joan,Chapman
IND0158,Stephanie,White
IND0159,Rachel,Chapman
IND0160,Rebecca,Duncan
IND0161,Robert,Ince
IND0162,Brian,Mitchell
IND0163,Steven,Watson
IND0164,Robert,Taylor
IND0165,Sally,Reid
IND0166,Amy,Mackay
IND0167,Alexander,Coleman
IND0168,Michael,Rutherford
IND0169,Robert,Peake
IND0170,Claire,Greene
IND0171,Megan,Piper
IND0172,Wanda,Quinn
IND0173,Diana,Nash
IND0174,Diane,Walker
IND0175,Pippa,Nash
IND0176,Zoe,Underwood
IND0177,Yvonne,Campbell
IND0178,Tim,Walker
IND0179,Stephen,Langdon
IND0180,Ruth,Watson
IND0181,Christopher,James
IND0182,Connor,Carr
IND0183,Lucas,Rees
IND0184,Jan,Clark
IND0185,Evan,Sutherland
IND0186,Owen,MacDonald
IND0187,Andrea,Taylor
IND0188,Kimberly,Welch
IND0189,Charles,Carr
IND0190,Ian,Clarkson
IND0191,Rose,Arnold
IND0192,Audrey,Paige
IND0193,Liam,Clark
IND0194,Gavin,Vance
IND0195,Jake,Bond
IND0196,Melanie,Bond
IND0197,Neil,Powell
IND0198,Leonard,Peters
IND0199,Justin,Forsyth
IND0200,Robert,Martin
IND0201,Karen,Miller
IND0202,Matt,Graham
IND0203,Sebastian,Campbell
IND0204,Brian,Morrison
IND0205,Kimberly,Poole
IND0206,Sarah,Peake
IND0207,John,Miller
IND0208,Owen,Bond
IND0209,Joan,Newman
IND0210,Anne,Morgan
IND0211,Thomas,Young
IND0212,Leonard,King
IND0213,Carl,Kerr
IND0214,Sally,Stewart
IND0215,Bella,Glover
IND0216,Isaac,Wallace
IND0217,Jan,Vance
IND0218,Jane,Grant
IND0219,Bella,Abraham
IND0220,Fiona,Wilkins
IND0221,Charles,Slater
IND0222,Rebecca,Nash
IND0223,Nathan,Rutherford
IND0224,Harry,Pullman
IND0225,Ryan,Langdon
IND0226,Austin,Powell
IND0227,Dan,Berry
IND0228,Kylie,Wright
IND0229,Samantha,Hodges
IND0230,Olivia,Carr
IND0231,Emma,Terry
IND0232,Rebecca,Fraser
IND0233,Kimberly,Langdon
IND0234,Stewart,Reid
IND0235,Rose,Davidson
IND0236,Nathan,Chapman
IND0237,Jasmine,Hodges
IND0238,Ryan,Stewart
IND0239,Paul,Churchill
IND0240,Ryan,Watson
IND0241,Gabrielle,Skinner
IND0242,Richard,Grant
IND0243,Jonathan,Walker
IND0244,Angela,Manning
IND0245,Audrey,Parr
IND0246,Trevor,Young
IND0247,Olivia,MacLeod
IND0248,Faith,Hudson
IND0249,Jacob,Payne
IND0250,Abigail,Poole
IND0251,William,Watson
IND0252,Gordon,Bell
IND0253,Wendy,Berry
IND0254,Claire,Allan
IND0255,John,Powell
IND0256,Audrey,Randall
IND0257,Rose,Smith
IND0258,Ruth,Knox
IND0259,Amanda,Lee
IND0260,Alison,Buckland
IND0261,Sarah,Robertson
IND0262,Grace,Chapman
IND0263,Elizabeth,Stewart
IND0264,Nathan,Johnston
IND0265,Sue,Harris
IND0266,Sebastian,Kerr
IND0267,Deirdre,Scott
IND0268,Sonia,Tucker
IND0269,Lucas,Abraham
IND0270,Jane,Tucker
IND0271,Una,Slater
IND0272,Joseph,Howard
IND0273,Alison,Springer
IND0274,Sebastian,Morgan
IND0275,Jan,Skinner
IND0276,Jasmine,Ball
IND0277,Victoria,Hodges
IND0278,Austin,May
IND0279,Bella,Thomson
IND0280,Penelope,Quinn
IND0281,Wanda,Hodges
IND0282,Una,Kerr
IND0283,Claire,Manning
IND0284,Ruth,Bower
IND0285,Karen,Lambert
IND0286,Christopher,Newman
IND0287,Ella,Black
IND0288,Karen,Gray
IND0289,Dominic,Lee
IND0290,Anthony,James
IND0291,Jonathan,Jackson
IND0292,Michael,Vance
IND0293,Nicholas,Harris
IND0294,Jan,Kerr
IND0295,Molly,Ross
IND0296,Madeleine,Wilkins
IND0297,Victor,Arnold
IND0298,Sarah,Mackenzie
IND0299,Stewart,Brown
IND0300,Christian,Hart
IND0301,Adrian,Wilson
IND0302,Joseph,Martin
IND0303,Carol,Fisher
IND0304,Stephen,Greene
IND0305,Virginia,May
IND0306,Melanie,Rees
IND0307,Grace,Scott
IND0308,Dylan,MacLeod
IND0309,Lucas,Smith
IND0310,Abigail,Fraser
IND0311,Lily,Abraham
IND0312,Owen,Young
IND0313,John,Ross
IND0314,Karen,Parsons
IND0315,Kylie,Scott
IND0316,Deirdre,Mathis
IND0317,Phil,Hill
IND0318,Lillian,Dowd
IND0319,Evan,Kelly
IND0320,Matt,Howard
IND0321,Pippa,Davidson
IND0322,Diana,Scott
IND0323,Grace,Walsh
IND0324,Blake,Thomson
IND0325,Jack,Henderson
IND0326,Nathan,Quinn
IND0327,Paul,Ferguson
IND0328,Neil,Turner
IND0329,Eric,Hunter
IND0330,Cameron,Dyer
IND0331,Keith,Clark
IND0332,Mary,Abraham
IND0333,Joan,Underwood
IND0334,Wanda,Vaughan
IND0335,Penelope,Baker
IND0336,Paul,Ellison
IND0337,Wendy,Sharp
IND0338,Virginia,Jones
IND0339,Gordon,Vance
IND0340,John,Harris
IND0341,Sam,Taylor
IND0342,Jasmine,Fraser
IND0343,Blake,Walker
IND0344,Robert,Fraser
IND0345,Max,Langdon
IND0346,Charles,Payne
IND0347,Tracey,Forsyth
IND0348,Boris,Piper
IND0349,Jack,Dickens
IND0350,William,Russell
IND0351,Heather,Mills
IND0352,Kimberly,Payne
IND0353,Lauren,Ogden
IND0354,Warren,Howard
IND0355,William,Turner
IND0356,Max,Walker
IND0357,Chloe,Anderson
IND0358,Gabrielle,Parsons
IND0359,Warren,Young
IND0360,Cameron,Hemmings
IND0361,Stephanie,Cornish
IND0362,Jonathan,Thomson
IND0363,Steven,Thomson
IND0364,Benjamin,Ince
IND0365,Sam,Knox
IND0366,Michelle,Vance
IND0367,Anne,Bell
IND0368,Richard,Lambert
IND0369,Dan,Skinner
IND0370,Cameron,Gray
IND0371,Jake,Ross
IND0372,Anna,Hunter
IND0373,Jake,Newman
IND0374,Joan,Mackay
IND0375,Christian,Slater
IND0376,Oliver,Kelly
IND0377,Lillian,Clarkson
IND0378,Alison,Hughes
IND0379,Jan,Langdon
IND0380,Trevor,Greene
IND0381,Joseph,Thomson
IND0382,Ruth,Vaughan
IND0383,Fiona,Langdon
IND0384,Justin,McGrath
IND0385,Sue,Oliver
IND0386,Jacob,Duncan
IND0387,Charles,Paige
IND0388,Warren,Dyer
IND0389,Jake,Gibson
IND0390,Keith,Payne
IND0391,Alexandra,Morgan
IND0392,Penelope,McDonald
IND0393,Peter,Gibson
IND0394,Gabrielle,Nash
IND0395,Benjamin,Jones
IND0396,Benjamin,Greene
IND0397,Adam,Abraham
IND0398,Diane,Skinner
IND0399,Felicity,Ball
IND0400,Adrian,Wilkins
IND0401,Alexander,Thomson
IND0402,Alan,Piper
IND0403,Adrian,Nash
IND0404,Emily,Jones
IND0405,Sebastian,Arnold
IND0406,Carolyn,Ince
IND0407,Rebecca,Churchill
IND0408,Alexandra,Ross
IND0409,Bella,Tucker
IND0410,Fiona,Harris
IND0411,Sam,Langdon
IND0412,Carol,Marshall
IND0413,Anne,Mackay
IND0414,Christopher,Walker
IND0415,Joshua,Hemmings
IND0416,Luke,Slater
IND0417,Mary,Mitchell
IND0418,Jake,Nash
IND0419,Victor,Wilson
IND0420,Faith,Fisher
IND0421,Melanie,Gill
IND0422,Anne,Anderson
IND0423,Andrea,Newman
IND0424,Maria,Johnston
IND0425,Owen,Rampling
IND0426,Audrey,Lawrence
IND0427,Richard,Martin
IND0428,Alan,Hart
IND0429,Stephen,Hunter
IND0430,Anna,Rampling
IND0431,Maria,Brown
IND0432,Anna,Nash
IND0433,Phil,Ball
IND0434,Isaac,Bailey
IND0435,Ella,Hamilton
IND0436,Leah,Davidson
IND0437,Abigail,Morgan
IND0438,Grace,Duncan
IND0439,Owen,Johnston
IND0440,Vanessa,Alsop
IND0441,David,Abraham
IND0442,Tim,Hughes
IND0443,Jack,Slater
IND0444,Sarah,Ogden
IND0445,Andrew,Miller
IND0446,Peter,Newman
IND0447,Emily,Henderson
IND0448,Bella,Short
IND0449,Owen,Stewart
IND0450,Adrian,Martin
IND0451,Heather,Sanderson
IND0452,Diane,Harris
IND0453,Pippa,Gray
IND0454,Jake,Springer
IND0455,Oliver,King
IND0456,Theresa,Pullman
IND0457,Brandon,Murray
IND0458,Yvonne,Ellison
IND0459,Phil,Wright
IND0460,Oliver,Welch
IND0461,Olivia,Metcalfe
IND0462,Joe,Poole
IND0463,Rose,Mitchell
IND0464,Yvonne,James
IND0465,Anthony,Bond
IND0466,Frank,Lee
IND0467,Carolyn,Anderson
IND0468,Harry,Hardacre
IND0469,John,Johnston
IND0470,Michelle,Ross
IND0471,Felicity,Avery
IND0472,Dorothy,Ince
IND0473,Jasmine,Scott
IND0474,Justin,Gibson
IND0475,Kimberly,Brown
IND0476,Ava,Murray
IND0477,Carl,Forsyth
IND0478,Kylie,Hudson
IND0479,Dan,Grant
IND0480,Carol,Ince
IND0481,Katherine,Martin
IND0482,Lauren,Campbell
IND0483,Joshua,MacDonald
IND0484,Dorothy,Vance
IND0485,Austin,Mackenzie
IND0486,Robert,Brown
IND0487,Sophie,Reid
IND0488,Carl,Rampling
IND0489,Jonathan,Peake
IND0490,Claire,Nash
IND0491,Amy,Bell
IND0492,Simon,Payne
IND0493,Brian,Avery
IND0494,Stephanie,Hamilton
IND0495,Keith,Carr
IND0496,Frank,Underwood
IND0497,Stewart,Walsh
IND0498,Sophie,Russell
IND0499,Sue,Pullman
IND0500,Gabrielle,Grant
